stage,symbol,component,bit,category
1,0,real,0,silent_unbounded
1,0,real,1,silent_unbounded
1,0,imag,0,silent_unbounded
1,0,imag,1,silent_unbounded
2,0,real,0,silent_unbounded
2,0,real,1,silent_unbounded
2,0,imag,0,silent_unbounded
2,0,imag,1,silent_unbounded
3,0,real,0,silent_unbounded
3,0,real,1,silent_unbounded
3,0,imag,0,silent_unbounded
3,0,imag,1,silent_unbounded
4,0,real,0,silent_unbounded
4,0,real,1,silent_unbounded
4,0,imag,0,silent_unbounded
4,0,imag,1,silent_unbounded
5,0,real,0,silent_unbounded
5,0,real,1,silent_unbounded
5,0,imag,0,silent_unbounded
5,0,imag,1,silent_unbounded
6,0,real,0,silent_unbounded
6,0,real,1,silent_unbounded
6,0,imag,0,silent_unbounded
6,0,imag,1,silent_unbounded
7,0,real,0,silent_unbounded
7,0,real,1,silent_unbounded
7,0,imag,0,silent_unbounded
7,0,imag,1,silent_unbounded
10,0,real,0,silent_unbounded
10,0,real,1,silent_unbounded
10,0,imag,0,silent_unbounded
10,0,imag,1,silent_unbounded
1,1,real,0,silent_unbounded
1,1,real,1,silent_unbounded
1,1,imag,0,silent_unbounded
1,1,imag,1,silent_unbounded
2,1,real,0,silent_unbounded
2,1,real,1,silent_unbounded
2,1,imag,0,silent_unbounded
2,1,imag,1,silent_unbounded
3,1,real,0,silent_unbounded
3,1,real,1,silent_unbounded
3,1,imag,0,silent_unbounded
3,1,imag,1,silent_unbounded
4,1,real,0,silent_unbounded
4,1,real,1,silent_unbounded
4,1,imag,0,silent_unbounded
4,1,imag,1,silent_unbounded
5,1,real,0,silent_unbounded
5,1,real,1,silent_unbounded
5,1,imag,0,silent_unbounded
5,1,imag,1,silent_unbounded
6,1,real,0,silent_unbounded
6,1,real,1,silent_unbounded
6,1,imag,0,silent_unbounded
6,1,imag,1,silent_unbounded
7,1,real,0,silent_unbounded
7,1,real,1,silent_unbounded
7,1,imag,0,silent_unbounded
7,1,imag,1,silent_unbounded
10,1,real,0,silent_unbounded
10,1,real,1,silent_unbounded
10,1,imag,0,silent_unbounded
10,1,imag,1,silent_unbounded
1,2,real,0,silent_unbounded
1,2,real,1,silent_unbounded
1,2,imag,0,silent_unbounded
1,2,imag,1,silent_unbounded
2,2,real,0,silent_unbounded
2,2,real,1,silent_unbounded
2,2,imag,0,silent_unbounded
2,2,imag,1,silent_unbounded
3,2,real,0,silent_unbounded
3,2,real,1,silent_unbounded
3,2,imag,0,silent_unbounded
3,2,imag,1,silent_unbounded
4,2,real,0,silent_unbounded
4,2,real,1,silent_unbounded
4,2,imag,0,silent_unbounded
4,2,imag,1,silent_unbounded
5,2,real,0,silent_unbounded
5,2,real,1,silent_unbounded
5,2,imag,0,silent_unbounded
5,2,imag,1,silent_unbounded
6,2,real,0,silent_unbounded
6,2,real,1,silent_unbounded
6,2,imag,0,silent_unbounded
6,2,imag,1,silent_unbounded
7,2,real,0,silent_unbounded
7,2,real,1,silent_unbounded
7,2,imag,0,silent_unbounded
7,2,imag,1,silent_unbounded
10,2,real,0,silent_unbounded
10,2,real,1,silent_unbounded
10,2,imag,0,silent_unbounded
10,2,imag,1,silent_unbounded
1,3,real,0,silent_unbounded
1,3,real,1,silent_unbounded
1,3,imag,0,silent_unbounded
1,3,imag,1,silent_unbounded
2,3,real,0,silent_unbounded
2,3,real,1,silent_unbounded
2,3,imag,0,silent_unbounded
2,3,imag,1,silent_unbounded
3,3,real,0,silent_unbounded
3,3,real,1,silent_unbounded
3,3,imag,0,silent_unbounded
3,3,imag,1,silent_unbounded
4,3,real,0,silent_unbounded
4,3,real,1,silent_unbounded
4,3,imag,0,silent_unbounded
4,3,imag,1,silent_unbounded
5,3,real,0,silent_unbounded
5,3,real,1,silent_unbounded
5,3,imag,0,silent_unbounded
5,3,imag,1,silent_unbounded
6,3,real,0,silent_unbounded
6,3,real,1,silent_unbounded
6,3,imag,0,silent_unbounded
6,3,imag,1,silent_unbounded
7,3,real,0,silent_unbounded
7,3,real,1,silent_unbounded
7,3,imag,0,silent_unbounded
7,3,imag,1,silent_unbounded
10,3,real,0,silent_unbounded
10,3,real,1,silent_unbounded
10,3,imag,0,silent_unbounded
10,3,imag,1,silent_unbounded
1,4,real,0,silent_bounded_residual
1,4,real,1,silent_bounded_residual
1,4,imag,0,silent_bounded_residual
1,4,imag,1,silent_bounded_residual
2,4,real,0,silent_bounded_residual
2,4,real,1,silent_bounded_residual
2,4,imag,0,silent_bounded_residual
2,4,imag,1,silent_bounded_residual
3,4,real,0,silent_bounded_residual
3,4,real,1,silent_bounded_residual
3,4,imag,0,silent_bounded_residual
3,4,imag,1,silent_bounded_residual
4,4,real,0,silent_bounded_residual
4,4,real,1,silent_bounded_residual
4,4,imag,0,silent_bounded_residual
4,4,imag,1,silent_bounded_residual
5,4,real,0,silent_bounded_residual
5,4,real,1,silent_bounded_residual
5,4,imag,0,silent_bounded_residual
5,4,imag,1,silent_bounded_residual
6,4,real,0,silent_bounded_residual
6,4,real,1,silent_bounded_residual
6,4,imag,0,silent_bounded_residual
6,4,imag,1,silent_bounded_residual
7,4,real,0,silent_bounded_residual
7,4,real,1,silent_bounded_residual
7,4,imag,0,silent_bounded_residual
7,4,imag,1,silent_bounded_residual
10,4,real,0,silent_bounded_residual
10,4,real,1,silent_bounded_residual
10,4,imag,0,silent_bounded_residual
10,4,imag,1,silent_bounded_residual
1,5,real,0,silent_bounded_residual
1,5,real,1,silent_bounded_residual
1,5,imag,0,silent_bounded_residual
1,5,imag,1,silent_bounded_residual
2,5,real,0,silent_bounded_residual
2,5,real,1,silent_bounded_residual
2,5,imag,0,silent_bounded_residual
2,5,imag,1,silent_bounded_residual
3,5,real,0,silent_bounded_residual
3,5,real,1,silent_bounded_residual
3,5,imag,0,silent_bounded_residual
3,5,imag,1,silent_bounded_residual
4,5,real,0,silent_bounded_residual
4,5,real,1,silent_bounded_residual
4,5,imag,0,silent_bounded_residual
4,5,imag,1,silent_bounded_residual
5,5,real,0,silent_bounded_residual
5,5,real,1,silent_bounded_residual
5,5,imag,0,silent_bounded_residual
5,5,imag,1,silent_bounded_residual
6,5,real,0,silent_bounded_residual
6,5,real,1,silent_bounded_residual
6,5,imag,0,silent_bounded_residual
6,5,imag,1,silent_bounded_residual
7,5,real,0,silent_bounded_residual
7,5,real,1,silent_bounded_residual
7,5,imag,0,silent_bounded_residual
7,5,imag,1,silent_bounded_residual
10,5,real,0,silent_bounded_residual
10,5,real,1,silent_bounded_residual
10,5,imag,0,silent_bounded_residual
10,5,imag,1,silent_bounded_residual
