Z,A,J0,gamma0,gamma1,gamma2,R0_GeV,R1_GeV
1,1,5.314091127268176e-09,-2.8205786093665353,-2.7976870849358306,-2.7499983622435042,0.7943282347242815,1.0
2,4,1.9156770253545195e-10,-1.9933873215257365,-2.2550047435891885,-2.8000187172171334,0.7943282347242815,1.0
3,7,1.8061146360327402e-14,-0.6691700628058919,-1.4932649423065252,-3.2100589592339643,0.7943282347242815,1.0
4,9,2.718924434510588e-13,1.5366177070516298,-1.4813971719118113,-2.930103646589865,1.0,0.7943282347242815
5,11,2.9203811074904934e-13,-0.37850879495841716,-2.149804209248493,-3.0000608309556767,1.0,0.7943282347242815
6,12,1.3398804805406577e-11,-1.9942139063350188,-2.223129150640552,-2.7000163775649946,0.7943282347242815,1.0
7,14,4.469707820296569e-13,-0.580575256981742,-1.349076434293597,-2.9500549818253248,0.7943282347242815,1.0
8,16,1.0310951668779222e-11,-1.8931393460828705,-2.164567421474062,-2.730019419112776,0.7943282347242815,1.0
9,19,1.219726306524803e-14,0.4287651513633395,-0.7092706346139108,-3.0800814198945217,0.7943282347242815,1.0
10,20,1.4413351896339e-12,-1.590494274693249,-2.3739518617834325,-2.75002690599963,1.0,0.7943282347242815
11,23,3.1859821252251013e-13,-1.7923127612736476,-2.425891505616051,-2.7300217587649183,1.0,0.7943282347242815
12,24,2.4619354494760765e-12,-2.397520245572191,-2.4956267788458266,-2.7000070189564283,0.7943282347242815,1.0
13,27,3.300114584317505e-13,-1.3888411050746128,-2.308552185571549,-2.750031585303912,1.0,0.7943282347242815
14,28,3.0299879522749185e-12,-2.397933537976784,-2.479688982371653,-2.6500058491303564,0.7943282347242815,1.0
15,31,2.9728014710965903e-15,2.042569117678608,0.35840696314284815,-3.1501204920852803,0.7943282347242815,1.0
16,32,5.219801971451934e-13,-0.985948058242063,-2.1441027522010145,-2.7000397740864046,1.0,0.7943282347242815
17,35,3.594088705343395e-15,2.042403800716668,-1.4524983051710478,-3.1301200241548557,1.0,0.7943282347242815
18,40,4.3655570710149074e-14,0.6289304683252639,-0.5156457532038756,-2.9000818878249497,0.7943282347242815,1.0
19,39,4.329651366972159e-15,0.8324847830051525,-1.8448963624410346,-3.1300919483291576,1.0,0.7943282347242815
20,40,1.9810692180927202e-13,-1.5904942746931854,-1.9665693189096651,-2.750026905999629,0.7943282347242815,1.0
21,45,1.623444470579843e-15,0.42934376072979963,-0.7315835496778496,-3.1500830576510186,0.7943282347242815,1.0
22,48,1.7390528062358923e-14,-0.47933537976767004,-1.2968898237170565,-3.000058491303537,0.7943282347242815,1.0
23,51,8.622803497586227e-15,-0.4793353797676536,-2.182504047354078,-3.0000584913035375,1.0,0.7943282347242815
24,52,4.09922930833304e-14,-0.9842948886235177,-1.6056362660246775,-2.900044453390689,0.7943282347242815,1.0
25,55,6.33897443113124e-14,-0.9851214734328004,-2.2114029140953066,-2.8000421137385483,1.0,0.7943282347242815
26,56,3.2179998376953072e-12,-2.3983468303814064,-2.5346003237882933,-2.6000046793042877,1.0,0.7943282347242815
27,59,1.7725601844624344e-14,-2.4991734151908114,-2.5673001618945985,-2.600002339652149,1.0,0.7943282347242815
28,58,2.6944118387795234e-13,-2.3987601227860984,-2.447813389422901,-2.5500035094782163,0.7943282347242815,1.0
